{"batch/loss": 0.07914116233587265, "batch/accuracy": 0.9735772609710693, "batch/batch_step": 4995, "batch/learning_rate": 0.0010000000474974513, "_timestamp": 1701982815.9034312, "_runtime": 817.1600611209869, "_step": 1022, "epoch/loss": 0.07922975718975067, "epoch/accuracy": 0.9734882116317749, "epoch/val_loss": 2.9819419384002686, "epoch/val_accuracy": 0.49873802065849304, "epoch/epoch": 19, "epoch/learning_rate": 0.0010000000474974513, "train_loss": 0.07922975718975067, "train_accuracy": 0.9734882116317749, "val_loss": 2.9819419384002686, "val_accuracy": 0.49873802065849304, "test_accuracy": 48.41053485870361, "subset_train_accuracy": 98.90000224113464, "_wandb": {"runtime": 815}}