{"batch/loss": 0.11177119612693787, "batch/accuracy": 0.9620847702026367, "batch/batch_step": 5795, "batch/learning_rate": 0.0010000000474974513, "_timestamp": 1701894579.9350693, "_runtime": 702.1349654197693, "_step": 1182, "epoch/loss": 0.11288513988256454, "epoch/accuracy": 0.961580216884613, "epoch/val_loss": 2.965580940246582, "epoch/val_accuracy": 0.4639756977558136, "epoch/epoch": 19, "epoch/learning_rate": 0.0010000000474974513, "train_loss": 0.11288513988256454, "train_accuracy": 0.961580216884613, "val_loss": 2.965580940246582, "val_accuracy": 0.4639756977558136, "test_accuracy": 45.46875059604645, "subset_train_accuracy": 97.69999980926514, "_wandb": {"runtime": 700}}